{
    "california_embedded_test_loss": {
        "mean": 0.17735412418842317,
        "std": 0.022917938483677094
    },
    "lr": {
        "mean": 0.00015812396097771852,
        "std": 0.00018001935711666232
    },
    "california_embedded_test_rmse": {
        "mean": 0.41991346180438993,
        "std": 0.02684375118564893
    },
    "california_embedded_test_score": {
        "mean": -0.41991346180438993,
        "std": 0.02684375118564893
    },
    "total_elapsed_time": {
        "mean": 167.21743249680003,
        "std": 53.992553301037574
    }
}